OPE ID,School,ADDR,City,State,Zip Code,SchoolType,loans,grants,total,DL.Subsidized.Recipients,DL.Subsidized.# of Loans Originated,DL.Subsidized.$ of Loans Originated,DL.Subsidized.# of Disbursements,subudis,DL.Unsubsidized.Undergrad.Recipients,DL.Unsubsidized.Undergrad.# of Loans Originated,DL.Unsubsidized.Undergrad.$ of Loans Originated,DL.Unsubsidized.Undergrad.# of Disbursements,unsubudis,DL.Unsubsidized.Graduate.Recipients,DL.Unsubsidized.Graduate.# of Loans Originated,DL.Unsubsidized.Graduate.$ of Loans Originated,DL.Unsubsidized.Graduate.# of Disbursements,DL.Unsubsidized.Graduate.$ of Disbursements,DL.Parent.Plus.Recipients,DL.Parent.Plus.# of Loans Originated,DL.Parent.Plus.$ of Loans Originated,DL.Parent.Plus.# of Disbursements,DL.Parent.Plus.$ of Disbursements,DL.Grad.Plus.Recipients,DL.Grad.Plus.# of Loans Originated,DL.Grad.Plus.$ of Loans Originated,DL.Grad.Plus.# of Disbursements,DL.Grad.Plus.$ of Disbursements,Pell.Grant.Program.YTD Recipients,Pell.Grant.Program.YTD Disbursements,TEACH.Program.YTD Recipients,TEACH.Program.YTD Disbursements,Iraq.Afghanistan.Service.Grant.Program.YTD Recipients,Iraq.Afghanistan.Service.Grant.Program.YTD Disbursements,PBM LEN,SCH TYPE,YR 1,NBD 1,NBR 1,DRATE1,PRATE 1,YR 2,NBD 2,NBR 2,DRATE 2,PRATE 2,FFEL DEF,FFEL REP,FDSLP DEF,FDSLP REP,ETNC CODE,PROGRAM,CON DIS,REGION,AVGOR GE30
376900,Bellevue College,3000 Landerholm Circle Southeast,Bellevue,WA,980076484,Public,9492905,9308403,18801308,1258,1468,4622521,3018,3905344,1226,1434,6694833,2996,5587561,,,,0,,9,9,76888,20,64211,,,,0,,2949,9308403,,,,,6,1,2010,41,540,7.5,A,2009,53,522,10.1,A,41,540,0,0,5,D,8,10,0
377000,Big Bend Community College,7662 Chanute Street,Moses Lake,WA,988373299,Public,3101279,4572095,7673374,592,607,1680578,1305,1681254,436,446,1422779,1017,1420025,1,1,1680,2,1680,17,17,264182,45,262413,,,,0,,1353,4572095,,,,,5,1,2010,73,309,23.6,A,2009,51,288,17.7,A,54,261,25,94,5,D,4,10,0
377100,Central Washington University,400 East University Way,Ellensburg,WA,989267501,Public,45089931,16386122,61476053,5413,6007,22398970,14335,22366711,5375,6480,22854918,15459,22723220,341,400,4668128,909,4643637,1637,1997,18963543,4806,18583661,89,118,477133,231,471275,4269,16386122,98,314356,,,8,1,2010,159,2125,7.4,A,2009,102,2179,4.6,A,0,1,159,2124,5,D,4,10,0
377200,Centralia College,600 Centralia College Boulevard,Centralia,WA,985314099,Public,,4691404,4691404,,,,,,,,,,,,,,,,,,,,,,,,,,1405,4691404,,,,,6,1,2010,0,0,,A,2009,0,0,0,A,0,0,0,0,5,D,3,10,0
377300,Clark College,1933 Fort Vancouver Way,Vancouver,WA,986633598,Public,22676291,22494397,45170688,4125,4382,10063436,9718,10045634,3515,3707,12678004,8236,12630657,,,,0,,9,9,32631,18,32631,,,,0,,7252,22494397,,,,,5,1,2010,251,1287,19.5,A,2009,153,938,16.3,A,251,1287,0,0,5,D,3,10,0
377400,Columbia Basin College,2600 North 20th Avenue,Pasco,WA,993013379,Public,4803188,9042957,13846145,762,815,2332704,1704,2328663,690,738,2496911,1611,2474525,,,,0,,5,5,38376,14,37985,,,,0,,2722,9042957,,,,,6,1,2010,57,446,12.7,A,2009,49,370,13.2,A,57,446,0,0,5,D,4,10,0
377500,Eastern Washington University,214 Showalter Hall,Cheney,WA,990042444,Public,45185287,19387933,64573220,5716,6382,23138368,15468,23081888,5285,6449,22178334,15403,22103399,877,1001,14084767,2522,13985240,1031,1168,10329077,2986,10116223,116,169,919123,296,909256,4822,19387933,,,,,8,1,2010,206,2690,7.6,A,2009,188,2590,7.2,A,206,2689,0,2,5,D,5,10,0
377600,Everett Community College,2000 Tower Street,Everett,WA,982011352,Public,6331823,7928740,14260563,1087,1147,3252209,2580,2988870,964,1017,3700731,2328,3342953,,,,0,,,,,0,,,,,0,,2490,7928740,,,,,5,1,2010,95,626,15.1,A,2009,115,575,20,A,95,626,0,0,5,D,2,10,0
377700,Heritage University,3240 Fort Road,Toppenish,WA,989489562,Private,6378269,2996615,9374884,743,756,2932018,1326,2926441,674,690,3456095,1194,3451828,194,205,3116317,404,3079931,6,6,46399,11,46149,12,12,155361,24,155361,770,2996615,150,518280,,,8,2,2010,90,427,21,A,2009,60,440,13.6,A,86,417,4,19,3,D,4,10,0
377800,Gonzaga University,502 East Boone Avenue,Spokane,WA,992580083,Private,17325836,3786559,21112395,1946,2013,8602649,3785,8593817,2225,2256,8799634,4287,8732019,1910,1953,31330169,3868,31017767,416,431,7863649,842,7737285,517,532,10954998,1169,10894042,926,3786559,14,56000,,,8,2,2010,60,1545,3.8,A,2009,56,1375,4,A,60,1545,0,1,5,D,5,10,0
377900,Grays Harbor College,1620 Edward P. Smith Drive,Aberdeen,WA,985207599,Public,2160831,4430567,6591398,386,420,1176162,900,1176162,312,345,984810,757,984669,,,,0,,,,,0,,,,,0,,1291,4430567,,,,,5,1,2010,31,140,22.1,A,2009,27,134,20.1,A,31,140,0,0,5,D,6,10,0
378000,Green River Community College,12401 Se 320th Street,Auburn,WA,980923622,Public,8251352,8901839,17153191,1436,1571,3713061,3386,3703742,1315,1457,4575175,3183,4547610,,,,0,,3,3,7839,3,7839,,,,0,,2762,8901839,3,9758,,,5,1,2010,135,684,19.7,A,2009,94,573,16.4,A,101,562,42,210,5,D,8,10,0
378100,Highline Community College,2400 South 240th Street,Des Moines,WA,981989800,Public,4176583,10107500,14284083,757,767,2255620,1607,2178695,622,631,2089837,1414,1997888,,,,0,,,,,0,,,,,0,,3175,10107500,,,,,5,1,2010,72,422,17,A,2009,80,469,17,A,72,422,0,0,5,D,9,10,0
378200,Lower Columbia College,1600 Maple Street,Longview,WA,986320310,Public,7384029,7207026,14591055,1252,1284,3768990,3151,3277825,1131,1160,4821955,2850,4106204,,,,0,,3,3,17849,9,16994,,,,0,,2250,7207026,,,,,5,1,2010,173,624,27.7,A,2009,122,436,27.9,A,173,624,0,0,5,D,3,10,0
378300,Northwest University,5520 108th Avenue Northeast,Kirkland,WA,980337523,Private,7167163,2126925,9294088,844,891,3494911,1507,3488437,850,929,3695065,1576,3678726,154,165,2556132,396,2529274,100,117,1117348,185,1110198,19,22,177788,51,167239,568,2126925,,,,,8,2,2010,27,421,6.4,A,2009,14,402,3.4,A,27,421,0,0,5,D,1,10,0
378400,Olympic College,1600 Chester Avenue,Bremerton,WA,983371600,Public,8799290,11022365,19821655,1308,1357,4145429,3292,4069774,1272,1327,4852954,3219,4729516,,,,0,,4,4,13692,9,13592,,,,0,,3292,11022365,,,,,6,1,2010,86,431,19.9,A,2009,60,390,15.3,A,86,431,0,0,5,D,6,10,0
378500,Pacific Lutheran University,12180 Park Avenue,Tacoma,WA,984470003,Private,14377929,3794533,18172462,1761,1899,7779273,3465,7759908,1763,2019,6664417,3704,6618021,203,233,3731654,525,3721319,593,619,8566644,1114,8455498,88,96,1345981,231,1341954,966,3794533,29,108000,,,8,2,2010,39,902,4.3,A,2009,26,887,2.9,A,39,902,0,0,5,D,6,10,0
378600,Peninsula College,1502 East Lauridsen Boulevard,Port Angeles,WA,983626660,Public,5320823,4246022,9566845,905,915,2662255,2224,2409469,798,806,3299727,1947,2911354,,,,0,,2,2,23825,6,23825,,,,0,,1274,4246022,,,,,6,1,2010,87,315,27.6,A,2009,39,252,15.4,A,87,315,0,0,5,D,6,10,0
378700,Seattle Central Community College,1701 Broadway,Seattle,WA,981222413,Public,159245,9145532,9304777,51,51,148636,87,143219,15,15,17188,25,16026,,,,0,,,,,0,,,,,0,,2859,9145532,,,,,6,1,2010,0,1,,P,2009,0,0,0,P,0,1,0,1,5,D,7,10,0
378800,Seattle Pacific University,3307 Third Avenue West,Seattle,WA,981191997,Private,15930831,4313635,20244466,1984,2099,9145646,5699,8761123,1998,2137,7650910,5825,7169708,419,548,10474126,1669,9560770,515,541,8395528,1527,7450545,90,117,1988949,385,1841367,1105,4313635,40,128173,,,8,2,2010,35,1028,3.4,A,2009,23,928,2.4,A,35,1028,0,0,5,D,7,10,0
379000,Seattle University,901 12th Avenue,Seattle,WA,981221090,Private,18927774,4094895,23022669,2268,2346,10139608,6351,10103235,2465,2656,8911164,7131,8824539,1578,1946,30115622,4586,29699629,436,479,9132459,1249,8968734,799,1351,22171579,2441,22061317,1064,4094895,11,31839,,,8,2,2010,57,1780,3.2,A,2009,41,1765,2.3,A,0,0,57,1780,5,D,7,10,0
379100,Shoreline Community College,16101 Greenwood Avenue North,Shoreline,WA,981335696,Public,6108344,5983232,12091576,996,1155,3520754,2347,2978697,805,932,3828519,1925,3129647,,,,0,,6,6,39378,15,35238,,,,0,,1899,5983232,,,,,5,1,2010,98,638,15.3,A,2009,57,541,10.5,A,1,1,98,638,5,D,1,10,0
379200,Skagit Valley College,2405 East College Way,Mount Vernon,WA,982735899,Public,3897120,5994372,9891492,548,566,1792694,1436,1708169,566,586,2349538,1480,2188951,,,,0,,,,,0,,,,,0,,1917,5994372,,,,,5,1,2010,65,340,19.1,A,2009,54,321,16.8,A,52,301,18,93,5,D,2,10,0
379300,Spokane Community College,1810 North Greene Street,Spokane,WA,992075399,Public,22181797,18749921,40931718,3856,4075,11441858,9765,11415088,2867,3029,10803399,7389,10766709,1,1,3817,3,3817,14,15,107833,38,106149,,,,0,,5421,18749921,,,,,5,1,2010,488,1972,24.7,P,2009,319,1834,17.3,P,488,1972,488,1972,5,D,5,10,0
379400,Saint Martin's University,5000 Abbey Way Se,Lacey,WA,985037500,Private,6807384,2224634,9032018,727,906,3492173,1621,3486231,761,951,3332668,1753,3321153,181,233,3521099,450,3458612,100,113,1411884,209,1393232,14,16,186964,32,186964,579,2224634,26,74400,,,8,2,2010,38,398,9.5,A,2009,25,403,6.2,A,35,347,13,190,5,D,9,10,0
379600,Tacoma Community College,6501 South 19th Street,Tacoma,WA,984666100,Public,16066196,14817974,30884170,2616,2738,7105734,6477,7056080,2394,2503,9127853,5894,9010116,,,,0,,4,4,19134,10,18978,,,,0,,4381,14817974,,,,,5,1,2010,166,1007,16.4,A,2009,153,906,16.8,A,166,1007,0,0,5,D,6,10,0
379700,University of Puget Sound,1500 North Warner Street,Tacoma,WA,984160001,Private,9171933,2165881,11337814,1198,1259,5319400,2374,5301908,1160,1293,3911288,2418,3870025,183,255,4175222,488,4139391,309,369,6652072,634,6541521,104,145,1845605,237,1843415,534,2165881,5,18000,,,8,2,2010,18,604,2.9,A,2009,7,585,1.1,A,17,580,3,121,5,D,6,10,0
379800,University of Washington - Seattle,3917 University Way Ne,Seattle,WA,981951122,Public,81837795,45418874,127256669,10491,11986,49307192,32475,48049873,8678,9708,34730696,25368,33787922,5074,5900,119827584,17495,114273283,1980,2265,34928368,5950,32990345,2491,4266,43281685,9359,40955069,11366,45418874,47,164247,,,8,1,2010,270,6809,3.9,P,2009,203,6381,3.1,P,270,6809,270,6809,5,D,7,10,0
379900,Walla Walla University,204 South College Avenue,College Place,WA,993241198,Private,7872574,2272317,10144891,916,1101,3840442,2674,3835601,1012,1175,4054179,2887,4036973,231,359,4600211,663,4593510,115,145,1537522,330,1525482,64,115,1011038,207,1011022,563,2272317,,,,,8,2,2010,23,492,4.6,A,2009,28,519,5.3,A,23,492,0,0,5,D,5,10,0
380000,Washington State University,1 Southeast Stadium Way,Pullman,WA,991641035,Public,85466317,31362648,116828965,10625,11527,44699226,19465,43862860,10159,11773,42642547,19955,41603457,1703,2149,36682730,3605,36096711,2711,3144,38545807,5382,37507991,495,689,4226931,1047,4130428,8167,31362648,19,70212,,,8,1,2010,284,4820,5.8,P,2009,266,4623,5.7,P,284,4820,284,4820,5,D,5,10,0
380100,Wenatchee Valley College,1300 Fifth Street,Wenatchee,WA,988011799,Public,6811066,8787037,15598103,1118,1249,3429588,2948,3313588,920,1007,3742958,2494,3497478,,,,0,,9,9,99041,25,89665,,,,0,,2513,8787037,,,,,5,1,2010,110,442,24.8,A,2009,75,451,16.6,A,31,218,97,355,5,D,4,10,0
380200,Western Washington University,516 High Street,Bellingham,WA,982255946,Public,42573769,14501714,57075483,5435,5821,22360311,14650,22275758,5309,5962,20476063,14834,20298011,339,441,4548796,955,4506991,1862,2025,22660143,5279,21823055,49,59,223096,114,222160,3822,14501714,8,29861,,,8,1,2010,114,2443,4.6,A,2009,68,2495,2.7,A,0,0,114,2443,5,D,2,10,0
380300,Whitman College,345 Boyer Street,Walla Walla,WA,993622067,Private,2813652,654007,3467659,491,493,2030390,939,2025648,241,241,794417,447,788004,,,,0,,71,80,1433890,143,1402456,,,,0,,169,654007,,,,,6,2,2010,5,191,2.6,A,2009,3,206,1.4,A,5,191,0,0,5,D,5,10,0
380400,Whitworth University,300 West Hawthorne Road,Spokane,WA,992510001,Private,12544012,2928904,15472916,1528,1660,6603208,3158,6588590,1601,1684,5979044,3198,5955422,181,211,2805973,418,2764876,310,333,4957369,623,4822610,5,5,15569,6,15569,785,2928904,18,80140,,,8,2,2010,32,635,5,A,2009,13,580,2.2,A,0,0,32,635,5,D,5,10,0
380500,Yakima Valley Community College,16th Avenue & Nob Hill Boulevard,Yakima,WA,989072520,Public,7415716,11210696,18626412,1287,1289,4078390,2905,4045081,969,972,3420105,2256,3370635,,,,0,,,,,0,,,,,0,,3366,11210696,,,,,5,1,2010,116,647,17.9,A,2009,141,692,20.3,A,116,647,0,0,3,D,4,10,0
499900,Bellingham Technical College,3028 Lindbergh Avenue,Bellingham,WA,982251599,Public,5697351,,5697351,909,913,2403113,2148,2391700,850,853,3323093,1980,3305651,,,,0,,1,1,4000,1,4000,,,,0,,,,,,,,5,1,2010,60,306,19.6,A,2009,27,190,14.2,A,37,219,31,139,5,D,2,10,0
500000,Pierce College,9401 Farwest Drive Southwest,Lakewood,WA,984981919,Public,11528142,,11528142,1614,1929,5518707,4407,5442531,1451,1726,6219717,4043,6085611,,,,0,,11,11,66777,28,66231,,,,0,,,,,,,,5,1,2010,101,763,13.2,A,2009,87,684,12.7,A,101,762,0,1,5,D,9,10,0
500100,Edmonds Community College,20000 68th Avenue West,Lynnwood,WA,980365999,Public,7636026,,7636026,1309,1320,3697974,2926,3691673,1164,1171,3953137,2642,3944353,1,1,109,1,109,,,,0,,,,,0,,,,,,,,5,1,2010,107,527,20.3,A,2009,118,604,19.5,A,107,527,0,0,5,D,1,10,0
500600,Walla Walla Community College,500 Tausick Way,Walla Walla,WA,993629267,Public,7200194,,7200194,1114,1144,3483927,2856,3484923,1015,1041,3716760,2607,3715271,,,,0,,9,9,81763,20,81761,,,,0,,,,,,,,5,1,2010,119,510,23.3,A,2009,84,443,18.9,A,119,510,0,0,5,D,5,10,0
530600,Bates Technical College,1101 South Yakima Avenue,Tacoma,WA,984054895,Public,2428903,,2428903,524,579,1130124,1335,1129013,467,507,1301584,1175,1299890,,,,0,,18,19,96239,53,96135,,,,0,,,,,,,,5,1,2010,64,253,25.2,A,2009,53,215,24.6,A,64,253,0,0,5,D,6,10,0
537200,South Puget Sound Community College,2011 Mottman Road Southwest,Olympia,WA,985126292,Public,4206727,,4206727,763,823,2150188,1790,2139055,652,699,2078863,1530,2067672,,,,0,,,,,0,,,,,0,,,,,,,,5,1,2010,53,302,17.5,A,2009,39,210,18.5,A,47,263,9,75,5,D,3,10,0
537300,Lake Washington Institute of Technology,11605 - 132nd Avenue Northeast,Kirkland,WA,980348505,Public,6579541,,6579541,1010,1062,2996209,2317,2994769,913,954,3604306,2151,3584772,,,,0,,2,2,7795,4,7795,,,,0,,,,,,,,6,1,2010,53,321,16.5,A,2009,44,262,16.7,A,40,259,24,142,5,D,1,10,0
575200,Clover Park Technical College,"4500 Steilacoom Boulevard, Sw",Lakewood,WA,984994004,Public,9802520,,9802520,1579,1586,4790750,3666,4026044,1605,1611,7072418,3674,5776476,,,,0,,6,6,35784,14,35368,,,,0,,,,,,,,5,1,2010,157,762,20.6,A,2009,129,621,20.7,A,157,762,0,0,5,D,6,10,0
815500,The Evergreen State College,2700 Evergreen Parkway Northwest,Olympia,WA,985050002,Public,17153507,,17153507,2250,2448,9560098,5765,9378662,1822,2014,7924210,4599,7774845,203,241,3272034,589,3222312,287,327,4076831,775,3961694,22,28,139171,41,138945,,,,,,,8,1,2010,127,1181,10.7,A,2009,105,1123,9.3,A,127,1181,0,0,5,D,3,10,0
938700,Perry Technical Institute,2011 West Washington Avenue,Yakima,WA,989031239,Private,7664596,,7664596,837,1521,3650055,2462,3648889,815,1603,4020582,2579,4015707,,,,0,,73,106,501662,199,498525,,,,0,,,,,,,,5,2,2010,41,295,13.8,A,2009,29,230,12.6,A,37,284,15,168,5,D,4,10,0
954400,Spokane Falls Community College,3410 West Fort George Wright Drive,Spokane,WA,992245204,Public,12013682,,12013682,2266,2417,6731243,5154,6693395,1486,1584,5371708,3418,5320287,,,,0,,7,8,54757,16,54757,,,,0,,,,,,,,5,1,2010,249,1198,20.7,A,2009,215,1282,16.7,A,0,0,249,1198,5,D,5,10,0
970400,North Seattle Community College,9600 College Way North,Seattle,WA,981033599,Public,,,,,,,,,,,,,,,,,,,,,,,,,,,,,,,,,,,5,1,2010,0,0,,A,2009,0,0,0,A,0,0,0,0,5,D,7,10,0
970600,South Seattle Community College,6000  16th Avenue Southwest,Seattle,WA,981061499,Public,,,,,,,,,,,,,,,,,,,,,,,,,,,,,,,,,,,6,1,2010,0,0,,A,2009,0,0,0,A,0,0,0,0,5,D,7,10,0
973900,Glen Dow Academy of Hair Design & Salons,West 309 Riverside Avenue,Spokane,WA,992010209,Profit,1031007,,1031007,204,238,491915,454,442360,198,233,667296,443,588647,,,,0,,12,12,56226,23,53540,,,,0,,,,,,,,3,3,2010,13,108,12,A,2009,21,112,18.7,A,13,108,0,0,5,D,5,10,0
1036400,Whatcom Community College,237 West Kellogg Road,Bellingham,WA,982268003,Public,6050165,,6050165,1063,1063,3403026,2639,3040512,864,864,3470146,2190,3009653,,,,0,,13,13,133352,30,116310,,,,0,,,,,,,,5,1,2010,41,264,15.5,A,2009,37,202,18.3,A,41,263,0,1,5,D,2,10,0
1043400,Renton Technical College,3000 Northeast Fourth Street,Renton,WA,980564195,Public,2723625,,2723625,492,507,1265102,1188,1263450,443,456,1472354,1067,1460175,,,,0,,2,2,10582,4,10582,,,,0,,,,,,,,5,1,2010,35,193,18.1,A,2009,22,154,14.2,A,35,193,0,0,5,D,8,10,0
1148100,Divers Institute of Technology,1341 North Northlake Way,Seattle,WA,981030000,Profit,1661392,,1661392,209,209,716335,407,706394,195,211,986410,412,954998,,,,0,,26,26,593345,51,572954,,,,0,,,,,,,,3,3,2010,45,226,19.9,A,2009,30,207,14.4,A,45,226,0,0,5,D,7,10,0
1231500,Cornish College of the Arts,1000 Lenora Street,Seattle,WA,981214604,Private,4508806,,4508806,532,583,2449941,1061,2378364,564,653,2190470,1215,2130442,,,,0,,215,250,4512958,467,4374071,,,,0,,,,,,,,6,2,2010,26,198,13.1,A,2009,31,238,13,A,22,185,4,14,5,D,7,10,0
1249600,Toni & Guy Hairdressing Academy,18336 Aurora Avenue North          Suite 103,Shoreline,WA,981335615,Profit,799122,,799122,81,103,324276,183,322535,86,107,476632,197,476587,,,,0,,7,7,60844,10,60844,,,,0,,,,,,,,3,3,2010,12,51,23.5,A,2009,7,32,21.8,A,12,51,0,0,5,D,7,10,0
1302200,City University of Seattle,521 Wall Street,Seattle,WA,981211851,Private,4592533,,4592533,492,549,1932853,1379,1928697,498,564,2690111,1373,2663836,664,730,10305444,1917,10202057,2,2,25650,8,25650,43,48,412504,111,406882,,,,,,,8,2,2010,59,811,7.2,A,2009,48,793,6,A,59,810,0,1,5,D,8,10,0
1309400,Bellingham Beauty School,4192 Meridian Street,Bellingham,WA,982265515,Profit,91966,,91966,12,13,42832,22,42832,11,12,52134,21,49134,,,,0,,,,,0,,,,,0,,,,,,,,4,3,2010,4,19,21,A,2009,3,24,12.5,A,4,19,0,1,5,D,2,10,0
2105300,Evergreen Beauty And Barber College,14045 Northeast 20th Street,Bellevue,WA,980073722,Profit,731874,,731874,120,137,395450,254,373632,116,133,502958,217,358242,,,,0,,7,7,38030,14,37400,,,,0,,,,,,,,3,3,2010,1,13,7.6,A,2009,0,0,0,A,0,0,1,13,5,D,8,10,0
2106700,Trinity Lutheran College,2802 Wetmore Avenue,Everett,WA,982013569,Private,965750,,965750,122,122,534618,213,508885,126,134,496481,231,456865,,,,0,,7,7,62274,12,55356,,,,0,,,,,,,,6,2,2010,1,36,2.7,A,2009,4,26,15.3,A,1,36,0,0,5,D,8,10,0
2184200,Paroba College of Cosmetology,607 Southeast Everett Mall Way     Suite 5,Everett,WA,982083210,Profit,714553,,714553,100,109,320470,202,318949,98,104,399611,201,395604,,,,0,,5,5,20312,7,20312,,,,0,,,,,,,,3,3,2010,11,62,17.7,A,2009,14,70,20,A,11,57,0,5,5,D,2,10,0
2202200,Stylemasters College of Hair Design,1224 Commerce Avenue,Longview,WA,986323027,Profit,823562,,823562,116,134,420001,243,385751,106,122,454898,246,437811,,,,0,,2,2,8002,3,8002,,,,0,,,,,,,,3,3,2010,28,60,46.6,A,2009,10,27,37,A,28,60,0,2,5,D,3,10,0
2203300,Gene Juarez Beauty Schools,6007-A 244th Street Southwest,Mountlake Terrace,WA,980435427,Profit,3879591,,3879591,490,571,1833527,1076,1739408,478,565,2315778,1054,2140183,,,,0,,26,28,207687,51,188102,,,,0,,,,,,,,3,3,2010,113,462,24.4,A,2009,74,353,20.9,A,16,87,104,447,5,D,7,10,0
2222900,International Air & Hospitality Academy,2901 East Mill Plain Boulevard,Vancouver,WA,986614835,Profit,3289263,,3289263,518,519,1321099,1002,1306938,503,505,2007417,982,1982325,,,,0,,59,60,437463,115,421799,,,,0,,,,,,,,3,3,2010,81,382,21.2,A,2009,72,328,21.9,A,81,382,0,0,5,D,3,10,0
2236800,Professional Beauty School,2105 West Lincoln Avenue,Yakima,WA,989022414,Profit,123674,,123674,32,33,80750,55,80750,19,19,42924,31,42924,,,,0,,,,,0,,,,,0,,,,,,,,4,3,2010,5,39,12.8,A,2009,10,42,23.8,A,5,39,0,0,5,D,4,10,0
2242500,Bastyr University,14500 Juanita Drive Northeast,Kenmore,WA,980284966,Private,2167546,,2167546,188,219,1054912,544,1024876,182,218,1179460,542,1142670,604,747,22736218,2051,22055242,22,26,559709,65,513543,350,431,8317127,1261,8267287,,,,,,,8,2,2010,8,270,2.9,P,2009,2,311,0.6,P,8,270,8,270,5,D,1,10,0
2291300,The Art Institute of Seattle,2323 Elliott Avenue,Seattle,WA,981211622,Profit,11085264,,11085264,1244,1636,4887167,3828,4888702,1317,1658,6201241,3931,6196562,,,,0,,284,361,5404324,909,5345129,,,,0,,,,,,,,6,3,2010,171,990,17.2,A,2009,148,1007,14.6,A,163,967,8,30,5,D,7,10,0
2300100,Everest College,"155 Washington Avenue, Suite 200",Bremerton,WA,983671835,Profit,14689437,,14689437,2052,2280,6144759,4051,5878090,1965,2258,9233737,4031,8811347,,,,0,,55,60,527438,116,510574,,,,0,,,,,,,,5,3,2010,380,2212,17.1,A,2009,438,1749,25,A,380,2211,0,1,5,D,6,10,0
2326500,Interface College,178 South Stevens Street,Spokane,WA,992014326,Profit,674973,,674973,96,97,312500,297,263974,94,95,485849,291,410999,,,,0,,1,1,11700,2,5850,,,,0,,,,,,,,5,3,2010,32,108,29.6,A,2009,15,78,19.2,A,32,108,0,0,5,D,5,10,0
2331400,Northwest Hair Academy,615 South First Street,Mount Vernon,WA,982733810,Profit,678365,,678365,99,109,345854,198,322683,96,106,391405,189,355682,,,,0,,4,4,25260,6,19755,,,,0,,,,,,,,4,3,2010,23,138,16.6,A,2009,24,111,21.6,A,23,132,1,10,5,D,2,10,0
2504900,Beauty Academy,208 South Wenatchee Avenue,Wenatchee,WA,988013062,Profit,489018,,489018,77,82,247362,142,239079,65,68,260943,123,249939,,,,0,,1,1,5050,2,5050,,,,0,,,,,,,,4,3,2010,7,27,25.9,A,2009,6,28,21.4,A,2,6,5,24,5,D,4,10,0
2541900,BJ's Beauty & Barber College,5239 South Tacoma Way,Tacoma,WA,984094318,Profit,325395,,325395,72,75,227287,123,203679,43,43,134697,67,121716,,,,0,,,,,0,,,,,0,,,,,,,,4,3,2010,9,41,21.9,A,2009,15,46,32.6,A,0,0,9,41,5,D,6,10,0
2602100,Northwest College of Art & Design,16301 Creative Drive N.E.,Poulsbo,WA,983708625,Profit,806343,,806343,64,91,393756,174,389253,66,94,423590,178,417090,,,,0,,11,13,140431,25,140431,,,,0,,,,,,,,6,3,2010,5,37,13.5,A,2009,4,26,15.3,A,5,37,0,0,5,D,1,10,0
2606200,Everest College,981 Powell Avenue Sw               Suite 200,Renton,WA,980552990,Profit,9576534,,9576534,1288,1430,3863917,2453,3705604,1228,1381,6105837,2407,5870930,,,,0,,67,71,568634,131,535047,,,,0,,,,,,,,3,3,2010,392,1933,20.2,A,2009,601,1623,37,A,389,1900,3,34,5,D,9,10,0
2617500,Everest College,Northgate Meridian Building        2111 North Nort,Seattle,WA,981339018,Profit,10109710,,10109710,1345,1511,4133849,2631,3932334,1281,1467,6454778,2575,6177376,,,,0,,43,48,383177,88,370725,,,,0,,,,,,,,3,3,2010,122,785,15.5,A,2009,168,772,21.7,A,122,783,0,2,5,D,7,10,0
3065000,Lucas Marc Academy,71 Gage Boulevard,Richland,WA,993529700,Profit,526971,,526971,112,137,408577,242,378091,53,64,159466,114,148880,,,,0,,,,,0,,,,,0,,,,,,,,4,3,2010,0,23,,A,2009,0,0,0,A,0,0,0,23,5,D,4,10,0
3071800,ITT Technical Institute,13518 East Indiana Avenue,Spokane Valley,WA,992161589,Profit,8877887,,8877887,1031,1439,3847886,3311,3817559,1007,1361,5105662,3146,5060328,,,,0,,54,79,451741,179,439150,,,,0,,,,,,,,6,3,2010,431,1604,26.8,P,2009,363,1296,28,P,431,1604,431,1604,5,D,5,10,0
3099000,Cortiva Institute - Seattle,425 Pontius Avenue North           Suite 100,Seattle,WA,981095474,Profit,1676183,,1676183,271,292,687210,486,650481,252,275,1094818,469,1025702,,,,0,,19,20,165632,33,139408,,,,0,,,,,,,,3,3,2010,22,198,11.1,A,2009,19,214,8.8,A,22,198,0,0,5,D,7,10,0
3110800,Bakke Graduate University,1013 Eighth Avenue                 Suite 401,Seattle,WA,981041222,Private,,,,,,,0,,,,,0,,13,18,172989,30,136981,,,,0,,1,1,3588,2,3588,,,,,,,8,2,2010,0,4,,A,2009,0,2,0,A,0,0,0,4,5,D,1,10,0
3280300,Seattle Institute of Oriental Medicine,444 North East Ravenna Boulevard   Suite 101,Seattle,WA,981155542,Profit,,,,,,,0,,,,,0,,20,20,392170,57,385337,,,,0,,16,17,235133,50,230400,,,,,,,7,3,2010,0,9,,A,2009,0,3,0,A,0,9,0,0,5,D,7,10,0
3283300,Northwest HVAC/R Association & Training,204 East Nora Ave,Spokane,WA,992072336,Private,318154,,318154,41,41,138250,76,132320,38,38,189000,73,185834,,,,0,,,,,0,,,,,0,,,,,,,,3,2,2010,7,29,24.1,A,2009,11,24,45.8,A,7,29,0,0,5,D,5,10,0
3466400,The Seattle School of Theology And Psychology,2501 Elliot Avenue,Seattle,WA,981211177,Private,,,,,,,0,,,,,0,,207,210,3865001,568,3706899,,,,0,,56,58,536480,152,536480,,,,,,,8,2,2010,4,67,5.9,A,2009,3,98,3,A,4,67,0,0,5,D,1,10,0
3483500,Cascadia Community College,18345 Campus Way Northeast,Bothell,WA,980119510,Public,1884900,,1884900,326,332,829402,671,824376,318,322,1077843,694,1060524,,,,0,,2,2,11181,4,11181,,,,0,,,,,,,,5,1,2010,14,177,7.9,A,2009,21,135,15.5,A,14,177,0,0,5,D,1,10,0
3490400,Emil Fries Piano Hospital & Training Center,2510 East Evergreen Boulevard,Vancouver,WA,986614323,Private,10650,,10650,2,2,9000,3,9000,1,1,1650,1,1650,,,,0,,,,,0,,,,,0,,,,,,,,4,2,2010,0,2,,A,2009,0,1,0,A,0,2,0,0,5,D,3,10,0
3689400,Faith Evangelical College & Seminary,3504 North Pearl Street,Tacoma,WA,984072607,Private,818864,,818864,75,85,335286,231,317495,80,96,519902,257,501369,133,158,2360682,427,2285739,1,1,15424,4,14513,,,,0,,,,,,,,8,2,2010,4,39,10.2,A,2009,3,52,5.7,A,4,39,0,0,5,D,6,10,0
3724300,Digipen Institute of Technology,9931 Willows Road North East,Redmond,WA,980525170,Profit,4217406,,4217406,526,526,2203490,1001,2110027,517,517,2240325,980,2107379,27,27,539765,52,522295,204,205,5460086,388,5145665,21,21,202795,40,197041,,,,,,,8,3,2010,9,168,5.3,A,2009,7,140,5,A,9,168,0,0,5,D,1,10,0
3917300,Evergreen Beauty And Barber College,802 Se Everett Mall Way - Suite A,Everett,WA,982083759,Profit,897140,,897140,155,170,495915,323,473725,151,160,614028,253,423415,,,,0,,2,2,6700,4,6700,,,,0,,,,,,,,3,3,2010,11,109,10,A,2009,1,62,1.6,A,0,0,11,109,5,D,2,10,0
3932500,Total Cosmetology Training Center,5303 North Market Street,Spokane,WA,992176231,Profit,929684,,929684,145,151,436142,270,400404,129,135,568720,245,529280,,,,0,,,,,0,,,,,0,,,,,,,,3,3,2010,20,64,31.2,A,2009,10,64,15.6,A,0,0,20,64,5,D,5,10,0
3953300,Yakima Beauty School,401 North First Street,Yakima,WA,989012202,Profit,67500,,67500,17,17,61500,29,61500,3,3,6000,5,6000,,,,0,,,,,0,,,,,0,,,,,,,,4,3,2010,0,0,,A,2009,0,0,0,A,0,0,0,0,5,D,4,10,0
4120000,Sunnyside Beauty Academy,440 Barnard Boulevard              Suite 2,Sunnyside,WA,989448711,Profit,69256,,69256,15,17,44716,26,39050,14,14,35731,21,30206,,,,0,,,,,0,,,,,0,,,,,,,,3,3,2010,1,9,11.1,A,2009,0,2,0,A,0,0,1,9,5,D,4,10,0
4127200,Victoria's Academy of Cosmetology,23 West 1st Avenue,Kennewick,WA,993363826,Profit,548166,,548166,83,98,293258,143,289525,75,113,259746,153,258641,,,,0,,,,,0,,,,,0,,,,,,,,3,3,2010,11,37,29.7,A,2009,1,25,4,A,0,0,11,37,5,D,4,10,0
4130500,Pacific Northwest University of Health Sciences,111 University Parkway             Suite 202,Yakima,WA,989011471,Private,,,,,,,0,,,,,0,,200,303,12615779,613,12564668,,,,0,,177,266,7516524,595,7417851,,,,,,,7,2,2010,0,0,,A,2009,0,0,0,A,0,0,0,0,5,D,4,10,0
4130800,Cascade Beauty College,435 East Main Street,Auburn,WA,980025504,Profit,103026,,103026,16,17,61916,28,55654,9,11,47372,20,47372,,,,0,,,,,0,,,,,0,,,,,,,,3,3,2010,2,15,13.3,A,2009,3,4,75,A,2,15,0,0,5,D,9,10,0
4132800,Inland Massage Institute,775 East Holland Avenue Suite 110,Spokane,WA,992185016,Profit,195642,,195642,36,36,102273,59,83784,34,34,135378,57,111858,,,,0,,,,,0,,,,,0,,,,,,,,3,3,2010,5,28,17.8,A,2009,1,10,10,A,0,0,5,28,5,D,5,10,0
4149400,Gary Manuel Aveda Institute,1514 10th Avenue                   Capitol Hill -,Seattle,WA,981223807,Profit,2374642,,2374642,283,322,1031771,612,986851,291,339,1456185,637,1387791,,,,0,,30,50,344283,90,340665,,,,0,,,,,,,,3,3,2010,2,23,8.6,A,2009,0,0,0,A,0,0,2,23,5,D,7,10,0
4149600,GP Institute of Cosmetology,306 23rd Ave S # 200,Seattle,WA,981442371,Profit,130297,,130297,17,20,66500,29,52500,18,21,100167,31,77797,,,,0,,,,,0,,,,,0,,,,,,,,,,,,,,,,,,,,,,,,,,,,
4155000,Northwest School of Wooden Boat Building,42 North Water Street,Port Hadlock,WA,983398706,Private,143032,,143032,25,26,64200,49,63034,21,22,81998,40,79998,,,,0,,,,,0,,,,,0,,,,,,,,5,2,2010,0,1,,A,2009,0,0,0,A,0,0,0,1,5,D,6,10,0
4161200,Bainbridge Graduate Institute,220 Second Avenue South            4th Floor,Seattle,WA,981042617,Private,,,,,,,0,,,,,0,,108,127,2279934,319,2088611,,,,0,,57,65,1153548,150,1049216,,,,,,,8,2,2010,0,2,,A,2009,0,0,0,A,0,0,0,2,5,D,1,10,0
4170100,The Salon Professional Academy,3702 South Fife Street             Suite B102,Tacoma,WA,984097360,Profit,1270635,,1270635,126,159,571611,284,571611,127,162,699024,293,699024,,,,0,,17,20,99347,25,97310,,,,0,,,,,,,,4,3,2010,0,1,,A,2009,0,0,0,A,0,0,0,1,5,D,6,10,0
4172900,Academy of Cosmetology,1368 Jadwin Avenue,Richland,WA,993543404,Profit,125519,,125519,15,19,59931,35,56089,15,19,72820,34,69430,,,,0,,1,1,4546,1,4546,,,,0,,,,,,,,4,3,2010,0,0,,A,2009,0,0,0,A,0,0,0,0,5,D,4,10,0
4188900,Northwest Institute of Literary Arts,5611 Bayview Rd.,Langley,WA,982490000,Private,,,,,,,0,,,,,0,,15,15,261152,28,260599,,,,0,,,,,0,,,,,,,,,,,,,,,,,,,,,,,,,,,,
4191900,Paul Mitchell The School Spokane,15303 E Sprague Ave,Spokane Valley,WA,990375041,Profit,1731929,,1731929,223,259,837835,420,829272,205,238,918427,393,902657,,,,0,,5,5,23128,5,23128,,,,0,,,,,,,,,,,,,,,,,,,,,,,,,,,,
